תאור פריט,ברקוד/קוד,מכר,מחיר קניה,מחיר מכירה,עלות המכר (חנות),כניסות מלאי,מחיר קניה נטו,הנחה,קוד מחלקה,
ווינסטון אדום - חדש ,7290121290005,11,31.86,41.00,350.46,10,31.86,0.00,22,
ווינסטון כחול - חדש,7290121290036,410,31.86,41.00,13062.60,340,31.86,0.00,22,
ווינסטון כחול ארוך - ברקוד חדש ,7290121290067,37,31.86,41.00,1178.82,40,31.86,0.00,22,
ווינסטון ס.ס מנטול,42138129,21,31.86,41.00,669.06,30,31.86,0.00,22,
ווינסטון קוד - חדש,7290121290364,260,30.27,39.00,7870.20,220,30.27,0.00,22,
ווינסטון קומפקט ברי חדש,7290121290548,221,28.67,37.00,6336.07,90,28.67,0.00,22,
ווינסטון קומפקט כחול חדש,7290121290487,32,27.08,35.00,866.56,30,27.08,0.00,22,
טבק באלי שאג חום 40 גרם,5710840209437,23,89.37,115.00,2055.51,25,89.37,0.00,22,
טבק באלי שאג לבן 40 גרם,5710840210013,88,89.37,115.00,7864.56,65,89.37,0.00,22,
טיים אדום,72991374,30,29.25,38.00,877.50,30,29.25,0.00,22,
כאמל צהוב סופט חדש,7290121290333,14,30.27,40.00,423.78,30,30.27,0.00,22,
ל.מ בלו 100 ארוך,7290115190335,51,30.27,39.00,1543.77,40,30.27,0.00,22,
ל.מ בלו קצר,7290115190359,183,30.27,39.00,5539.41,190,30.27,0.00,22,
ל.מ פורוארד,7290115190373,64,30.27,39.00,1937.28,40,30.27,0.00,22,
ל.מ רד,7290115190397,59,30.27,39.00,1785.93,60,30.27,0.00,22,
מרלבורו גולד קצר,7290115190090,868,33.46,45.00,29043.28,940,33.46,0.00,22,
מרלבורו דאבל פיוזין,7290115191097,18,28.68,37.00,516.24,30,28.68,0.00,22,
מרלבורו טאץ,7290115190151,409,30.27,39.00,12380.43,460,30.27,0.00,22,
מרלבורו טאץ XL,7290115191332,41,30.27,39.00,1241.07,40,30.27,0.00,22,
מרלבורו סאמר ספלאש,7290115191035,21,28.68,37.00,602.28,30,28.68,0.00,22,
מרלבורו פיין טאץ,7290115190137,86,30.27,39.00,2603.22,70,30.27,0.00,22,
מרלבורו רד,7290115190014,910,33.46,45.00,30448.60,1020,33.46,0.00,22,
מרלבורו רד סופט,7290115190038,39,33.46,45.00,1304.94,40,33.46,0.00,22,
נקסט אדג',7290115190458,134,26.29,34.00,3522.86,140,26.29,0.00,22,
נקסט אורג'ינל,7290115190595,120,27.88,36.00,3345.60,140,27.88,0.00,22,
נקסט לילך,7290115190571,22,27.88,36.00,613.36,20,27.88,0.00,22,
נקסט ריסס ארוך 100,7290115190533,37,26.29,34.00,972.73,50,26.29,0.00,22,
סיגריות 55k - בטעם אפרסק,6955292113003,9,75.00,109.90,675.00,0,75.00,0.00,22,
סיגריות 55k - בטעם לאש אייס,6955292103004,10,75.00,109.90,750.00,0,75.00,0.00,22,
פאל מאל אדום ארוך,6008165271192,17,29.47,39.00,500.99,20,29.47,0.00,22,
פאל מאל אדום קצר,8697530910781,19,29.47,39.00,559.93,10,29.47,0.00,22,
פאל מאל דמי ברי,5208049004781,22,24.74,32.00,547.48,20,24.74,0.00,22,
פאל מאל דמי מנטה,5208049001841,23,24.74,32.00,577.02,10,24.74,0.00,22,
פאל מאל דמי סילבר,59068914,29,24.74,32.00,725.46,30,24.74,0.00,22,
פאל מאל כחול פילטר ארוך,5208049015343,16,29.47,39.00,471.52,20,29.47,0.00,22,
פאל מאל כחול קצר,8697530910743,38,29.47,39.00,1119.86,40,29.47,0.00,22,
פרלמנט בלו קצר,7290115190236,73,37.44,50.00,2733.12,60,37.44,0.00,22,
פרלמנט נייט 100 ארוך,7290115190199,163,37.44,50.00,6102.72,180,37.44,0.00,22,
פרלמנט נייט קצר,7290115190250,1506,37.44,50.00,56384.64,2000,37.44,0.00,22,
פרלמנט סוהו נייט,7290115190953,92,31.87,41.00,2932.04,110,31.87,0.00,22,
קנט קצר,8697530911276,31,35.05,48.00,1086.55,40,35.05,0.00,22,
אייס בראד עובדים ,54,117,3.18,5.00,372.06,0,3.18,0.00,32,
מאנקיש ,323,95,2.50,4.00,237.50,0,2.50,,32,
מאפה קטן  - עובדים ,34,46,1.00,0.01,46.00,0,1.00,,32,
נס קפה  רגיל - עובדים ,35,9,2.29,0.01,20.61,0,2.29,,32,
אוזניות חוט חיבור USB To Type C - לבן,6920680857708,3,16.00,34.90,48.00,0,16.00,0.00,5,
כבל טיפסי ל UCB דגם מוויר,7290107158930,11,7.00,24.90,77.00,35,7.00,0.00,5,
מטען בית. Mower דגםUSB A&USB C שתייציאות 38W כבלLightnin,7290107161022,3,25.00,49.90,75.00,0,25.00,0.00,5,
מטען רכב mower 38 W ,7290107163880,12,20.00,49.90,240.00,20,20.00,0.00,5,
מטען רכב Mower דגם usb ,7290107161671,5,32.00,69.90,160.00,10,32.00,0.00,5,
משקפי ראיה,342063,8,10.50,24.90,84.00,0,10.50,0.00,5,
RIZLA מידיום דק,54013674,94,0.64,4.00,60.16,0,0.64,0.00,30,
מגן גלגול קונוס,7313215615,17,2.54,10.00,43.18,0,2.54,0.00,30,
מצית ZENGAZ טורבו,4895151855526,2,10.00,20.00,20.00,0,10.00,0.00,30,
מצת קליפר,612391,433,1.95,5.90,887.65,0,1.95,0.00,30,
נייר גלגול  OCB - גדול לבן ,30107014,130,2.93,9.90,380.90,0,2.93,0.00,30,
"פילטר 5,3 קצר",5902047174209,6,1.49,6.90,8.94,0,1.49,0.00,30,
פילטר 6 קצר,5900238734249,13,1.28,6.90,16.64,0,1.28,0.00,30,
קונוס 3 יח RAW,716165174578,274,3.16,9.90,865.84,0,3.16,0.00,30,
קונוס 3 יח' לבן ,8715144001166,381,2.56,9.90,975.36,0,2.56,0.00,30,
קפטן גריינדר ממותג ,641956814640,133,3.41,12.90,453.53,0,3.41,0.00,30,
לה קט מולטיפק נתחונים בגלי 400 גרם- כחול ,7290105475831,13,4.24,8.90,55.12,0,4.24,0.00,13,
אקסטרים סופלי -טילון,7290019293880,34,7.20,12.90,258.06,16,7.20,0.00,8,
אקסטרים פקאן,7290019816096,19,7.99,12.90,150.16,32,7.99,0.00,8,
אקסטרים שוקו וני,7290012525452,18,5.12,12.90,92.16,24,5.12,0.00,8,
אריזה גלידה שפרעם ,7290006894021,1,25.00,36.90,25.00,0,25.00,0.00,8,
ביסקולידה שוקו וניל,7290018652053,106,4.97,9.90,525.18,120,4.97,0.00,8,
גלידה מילקה  קרמל,7290019293910,21,7.92,14.90,166.32,20,7.92,0.00,8,
גלידה מצופה תות,7290018131770,48,3.46,6.90,166.08,0,3.46,0.00,8,
האפי פרוט,6937123302282,8,18.64,29.90,149.12,24,18.64,0.00,8,
טוויסטר טרופי,7290018755280,3,3.98,9.90,11.94,0,3.98,0.00,8,
טילון מגנום לבן,7290107649858,22,8.09,13.90,177.98,0,8.09,,8,
לה פרוטה אפרסק משמש,7290019816591,16,4.45,7.90,71.20,35,4.45,0.00,8,
מאגדת שלגון קינדר,8000500406427,3,27.11,44.90,81.33,0,27.11,0.00,8,
מגנום וופל קרמיל בלונדינית,8051369003821,20,7.98,14.90,159.67,48,7.98,0.00,8,
מגנום סנדוויץ,8000920585603,25,8.68,14.90,217.00,40,8.68,0.00,8,
מגנום פיסטויק,7290112499042,34,8.67,14.90,294.78,30,8.67,0.00,8,
מגנום פיצוחים ,8711327667174,44,8.68,14.90,381.92,40,8.68,0.00,8,
מגנום שקדים מובחרים,7290112499936,49,8.67,14.90,424.83,30,8.67,0.00,8,
קוקלידה,7290000058580,71,7.80,12.90,553.80,56,7.80,0.00,8,
קינוח קפוא בטעם תות,6933658505570,34,10.16,17.90,345.44,24,10.16,0.00,8,
קראנץ במילוי נוגט,7290001780800,64,7.95,13.90,489.44,90,7.95,0.00,8,
קרח לימון,7290004872069,36,1.90,4.00,68.40,0,1.90,0.00,8,
שטראוס פצפצים,7290008806305,16,5.22,9.90,83.44,36,5.22,0.00,8,
שלגון מילקה עוגיוות,7290019293095,4,7.92,14.90,31.68,20,7.92,0.00,8,
שרבט אבטיח,7290004872250,56,4.46,7.90,249.76,90,4.46,0.00,8,
קלינקס טישו כיס - קלינקס,3034250007813,2,6.90,10.90,13.80,0,6.90,0.00,35,
אסם חטיפי קרקר קריספי כפ,7290106573314,7,8.20,12.90,57.40,0,8.20,0.00,28,
אפרופו 50 גרם,7290000066332,89,3.20,6.90,284.80,72,3.20,0.00,28,
בוטנים ללא תקשור -ירוק,7290010117970,161,1.55,3.90,249.55,700,1.55,0.00,28,
בונדוק אקסטרה ,6255425742552,164,1.41,2.90,209.68,330,1.41,0.00,28,
בייגלה שטוחים מלח 60 גרם,7290000071008,14,2.18,4.90,30.52,48,2.18,0.00,28,
ביסלי גריל 70 גרם,7290000066141,76,2.80,6.90,205.20,48,2.80,0.00,28,
ביסלי פיצה 70 גרם,7290000066172,16,2.80,6.90,43.20,0,2.80,0.00,28,
במבה ביסלי מיקס ברביקיו 150 גרם,7290118425793,18,7.84,13.90,145.95,18,7.84,0.00,28,
במבה ביסלי מיקס ברבקיו 70 גרם,7290118426240,42,3.90,6.90,163.80,36,3.90,0.00,28,
במבה ביסלי מיקס גריל 70 גרם,7290118426202,154,3.90,6.90,600.60,108,3.90,0.00,28,
במבה במילוי קרם נוגט שוקולד 60 גרם,7290100687109,87,3.30,7.90,234.90,40,3.30,0.00,28,
במבה יום הולדת 80ג,7290000068770,79,2.90,6.90,213.30,120,2.90,0.00,28,
במבה מאנצ צדר 45*60גרם,7290115201949,28,2.90,6.90,81.20,0,2.90,0.00,28,
במבה מתוקה 100 גרם,7290112966445,28,6.37,11.90,178.36,40,6.37,0.00,28,
במבה פרו 80 ג'ר,7290115203172,21,2.70,6.90,56.70,0,2.70,0.00,28,
במבה קלאסי 80ג,7290000066318,198,2.90,6.90,534.60,240,2.90,0.00,28,
דג דג בייגל 250 גרם,7290116533704,3,8.91,14.90,22.50,12,8.91,0.00,28,
דובונים 40 גרם,7290000066264,30,3.20,5.90,96.50,60,3.20,0.00,28,
דוריטוס חמוץ חריף 55 גרם,7290010119950,77,2.38,5.90,183.26,144,2.38,0.00,28,
דוריטוס חריף 55 גרם,7290010117857,18,2.38,5.90,42.84,72,2.38,0.00,28,
דוריטוס טבעי Dippas טבעי 185 גרם,7290106528628,8,6.44,12.90,49.64,12,6.44,0.00,28,
דוריטוס שווארמה 55 גרם,7290115675177,7,2.38,5.90,16.66,12,2.38,0.00,28,
ויטמין פקטול מנטה,84115874,5,1.50,2.90,7.50,24,1.50,0.00,28,
חטיף שוגי,72992906,19,2.60,4.90,49.40,0,2.60,,28,
מילקה עוגיות צ'וק&צ'וק 150 גרם,7622210413147,10,9.39,15.90,93.90,24,9.39,0.00,28,
ממתק ליקריץ שטיחים חמוצים תות אדום 20 גרם,7290121801881,16,0.69,2.90,11.04,0,0.69,0.00,28,
מנה חמה נודלס סצואן 70 גרם,7290100680667,20,5.24,8.90,100.60,36,5.24,0.00,28,
מנה חמה נודלס עוף 70 גרם,7290000073750,23,5.24,8.90,114.64,36,5.24,0.00,28,
מרק בסגנון ראמן 18*70גרם,7290118427629,6,9.25,14.90,55.50,0,9.25,0.00,28,
פרינגלז אבנראס 158 גרם,38000284472,4,12.40,14.90,30.00,28,5.95,52.00,28,
פרינגלס דבש חרדל,038000298356,10,12.40,14.90,86.80,0,8.68,30.00,28,
פשקס מקלות פטל 50 גרם,25675301153,12,5.00,9.90,60.00,0,5.00,0.00,28,
צ׳יטוס קראנץ׳ שמנת בצל 80,7290112346087,15,3.00,5.90,45.00,0,3.00,0.00,28,
צ'יטוס PUFFS גבינה 55 גרם,7290112343499,10,2.73,4.90,27.30,72,2.73,0.00,28,
ציטוס גבינה 65 גרם,7290106663183,57,2.59,5.90,147.63,96,2.59,0.00,28,
צ'יטוס כאפה 55 גרם (קטשוב ),7290001817728,36,2.73,4.90,98.28,72,2.73,0.00,28,
צ'יטוס כדורי חמאת בוטנים 50 גרם,7290119372584,18,2.73,4.90,49.14,19,2.73,0.00,28,
ציטוס קראנץ צ׳דר חלפינ80,7290110553623,29,3.00,5.90,87.00,0,3.00,0.00,28,
קרקר זעתר 300 גרם ,7290000069609,11,7.90,13.90,86.90,0,7.90,0.00,28,
קרקר מיקס בטעם שמנת בצל וזעתר 300 גרם,7290015130240,6,10.00,17.90,60.00,24,10.00,0.00,28,
קרקר מקמח חיטה מלא דגנים,7290106572027,4,6.45,11.90,25.80,0,6.45,0.00,28,
קרקר רוזמרין מפינט 140,7290112963918,12,7.20,12.90,86.40,0,7.20,0.00,28,
קרקר רוזמרין מפינט 140,7290112963918,12,8.50,12.90,86.40,0,8.50,0.00,28,
תפוציפס טבעי 200 גרם,7290000178721,12,8.74,14.90,104.88,36,8.74,0.00,28,
תפוצ'יפס טבעי 50 גרם,7290000178707,70,3.02,5.90,209.42,192,3.02,0.00,28,
תפוצ'יפס פופס 60 גרם,7290106524439,19,2.80,5.90,53.20,0,2.80,0.00,28,
תפוצ'יפס קראנץ גריל 50 גרם,7290008752244,53,2.60,5.90,154.18,84,2.60,0.00,28,
תפוצ'יפס קראנצ מקסיקני 50 גרם,7290008753111,83,2.60,5.90,244.78,112,2.60,0.00,28,
תפוצ'יפס שמנת בצל 50 גרם,7290005200786,9,3.02,5.90,26.86,48,3.02,0.00,28,
אול אין ח. חלבון סופט ש. לבן בוטן קרמל 55ג,7290019310686,18,7.34,14.90,132.12,0,7.34,0.00,15,
אול אין עוגיית חלבון שוקולד צ׳יפ 60ג,7290018703984,9,7.90,13.90,71.10,24,7.90,0.00,15,
אוראו קראנצ'י בייטס מצופים 110 גרם,7622210638021,3,7.75,13.90,23.25,8,7.75,0.00,15,
אורבייט רפרשרס ספירמינט,4009900536257,21,6.30,14.90,144.30,24,6.30,0.00,15,
אוריו בטעם וניל,7622300489427,1,20.90,27.90,13.11,10,20.90,0.00,15,
אוריו בטעם וניל,7622300489427,1,13.11,27.90,13.11,10,13.11,0.00,15,
אסם חטיפי פריכונים אורז,7290000078762,8,6.11,9.90,44.72,0,6.11,0.00,15,
בוטנים 45 גרם M&M,5900951307249,18,3.84,6.90,55.26,0,3.07,20.00,15,
בונ' דולומטים רוז 150 גרם,8000380156573,3,18.18,27.90,49.08,0,16.36,10.00,15,
בקבוקון מנטוס מנטה עדינה,80864295,5,6.50,11.90,32.50,24,6.50,0.00,15,
בראוניז שוקולד במגש 40,667342800684,123,1.20,1.90,147.20,320,1.20,0.00,15,
גביע גלידה אמריקה 24 יח עלמה,7290011249250,4,7.50,11.90,30.00,0,7.50,0.00,15,
גומי מתקלף ענבים,6971486429170,7,5.50,9.90,38.50,0,5.50,0.00,15,
ווקי מאק אטריות רוטב גבינה,7271730901261,5,7.85,13.90,39.25,0,7.85,0.00,15,
חד'פ מזלג שקוף,7290014274303,5,4.00,5.90,20.00,0,4.00,0.00,15,
חטיף אגוזי,72917329,104,3.06,5.90,281.96,140,2.69,12.00,15,
חטיף אגוזי,72917329,104,2.80,5.90,281.96,140,2.80,0.00,15,
חטיף אוראו וניל 36 גרם,7622201430184,6,1.10,1.90,6.60,72,1.10,0.00,15,
חטיף אוראו תות 36 גרם,7622201430092,2,1.10,1.90,2.20,72,1.10,0.00,15,
חטיף באונטי בודד 57 גרם,5000159561976,28,2.40,5.90,70.80,72,2.40,0.00,15,
חטיף חלבון אול אין עוגיות דאבל שוקולד 60 גרם,7290018703991,33,7.90,13.90,260.70,24,7.90,0.00,15,
חטיף חלבון פרו שקדים,7290119383153,11,9.00,15.90,99.00,36,9.00,0.00,15,
חטיף טוויקס שוקו 50 גרם,5000159559485,83,2.50,5.90,210.60,75,2.50,0.00,15,
חטיף מארס בודד 51 גרם,5000159558792,35,2.40,5.90,88.40,72,2.40,0.00,15,
חטיף מילקה עוגיות סנסיישן 52 גרם,7622201402402,6,3.99,6.90,23.94,48,3.99,0.00,15,
חטיף נייצר ואלי דבש,16000548497,9,2.85,5.90,15.39,0,1.71,40.00,15,
חטיף סניקרס בודד 50 גרם,5000159560511,107,2.40,5.90,273.80,48,2.40,0.00,15,
חטיף קינדר הפי היפו 20 גרם,80176732,54,2.17,3.90,117.18,56,2.17,0.00,15,
חטיף קינדר מקסי בודד 21 גרם,40084077,81,1.47,2.90,119.07,108,1.47,0.00,15,
חטיף ריסז שוקו עם בוטני חמאה 42 גרם,03444009,19,3.30,5.90,61.70,36,3.30,0.00,15,
חיוכים שוקו 150 גרם,7290005197758,9,3.90,6.90,31.04,48,3.32,15.00,15,
טוויזלרס תות שדה 198 גרם,34000544028,6,6.80,11.90,40.80,12,6.80,0.00,15,
טורטית לבנה 40 גרם,7290106724990,47,3.06,6.90,126.43,240,2.69,12.00,15,
טעמי X אייסקפה עוגעות קורנפלקס ושברי גלידה,7290119386512,12,3.31,5.90,39.22,140,2.81,15.00,15,
טעמי בייגלה,7290106525504,74,3.06,5.90,200.82,168,2.69,12.00,15,
טעמי בייגלה עוגיות וניל 36 גרם,7290110578466,51,3.31,5.90,181.29,140,2.81,15.00,15,
לואקר מקסי אגוז 50 גר׳ 1/25 ((12,80879114,10,3.55,5.90,37.00,0,3.55,0.00,15,
לואקר מקסי שוקולד 50 גר׳,80940234,5,3.70,5.90,18.50,0,3.70,,15,
לואקר קוביות וופל במילוי קרם אגוזי לוז 250 גרם,8000380004911,5,11.91,19.90,59.54,0,11.91,0.00,15,
ליימן בלון גרדנה מיני מיקס,7290003145096,58,0.79,1.90,45.82,0,0.79,,15,
מאפין ממולא שוקו 50 גרם,7290006775191,181,0.93,2.90,161.09,240,0.93,0.00,15,
מאפין שוקולד 45ג אחוה,7290010328895,99,0.87,1.90,81.62,192,0.87,0.00,15,
מילקה וואפל במילוי קרם קקאו 150 גרם,7622201813390,9,9.39,15.90,86.11,28,9.39,0.00,15,
מילקה עוגיות סנסיישן אוראו 156 גרם,7622201401900,11,9.49,15.90,103.29,24,9.49,0.00,15,
מילקה עוגיות שוקולד צ'יפס 168 גרם,7622300356767,11,9.39,15.90,106.09,28,9.39,0.00,15,
מילקה קרם אגוזים 85 גרם,7622202013188,6,5.29,9.90,31.74,0,5.29,0.00,15,
מילקה שוקו מו 200 גרם,7622300503079,16,9.49,15.90,150.24,16,9.49,0.00,15,
מילקה שוקולד חלב 90 גרם,7622202268298,12,5.40,9.90,66.00,0,5.40,0.00,15,
מינטוס מנטה,7290002752349,10,2.20,4.90,22.00,0,2.20,0.00,15,
מנטוס בקבוקון אבטיח,80896081,5,6.50,11.90,32.50,24,6.50,0.00,15,
מנטוס בקבוקון דובדבן,80979128,2,6.50,11.90,13.00,24,6.50,0.00,15,
נוטלה BISCUITS,8000500359358,55,2.74,4.90,187.00,0,2.74,0.00,15,
סוכריות חמוצות בטעמי פירות ,8423371008147,3,3.51,7.90,10.53,0,3.51,0.00,15,
סוכריות מאסט קפוצ'ינו 80ג,7290112337481,1,7.00,9.90,7.00,0,7.00,,15,
סקיטלס פירות יער 152 גרם,4009900492829,5,8.46,13.90,42.30,0,8.46,0.00,15,
עוגיות מיני שוקוצ׳יפס 12*225גרם חדש,7290115206333,9,9.03,14.90,81.27,0,9.03,0.00,15,
עוגת הבית בראוניס פאדג' 380גרם,7290105695321,13,12.93,21.90,168.09,8,12.93,0.00,15,
עוגת הבית שוקולד 400 גרם,7290006983763,6,10.00,17.90,63.72,0,10.00,0.00,15,
עוגת הבית שיש 400 גרם,7290006983770,13,10.62,19.90,138.06,8,10.62,0.00,15,
עוגת שמרים שוקולד אישי 120 גרם,7290017275154,37,2.35,4.90,82.10,60,2.35,0.00,15,
ערגליות תות שדה,7290008775823,9,7.93,14.90,71.81,12,7.93,0.00,15,
פסק זמן 4 פליי 40 גרם,72909768,57,3.55,7.90,172.14,160,3.55,0.00,15,
פסק זמן לבן,7290119382538,80,3.55,7.90,241.60,240,3.55,0.00,15,
פסק זמן קלאסי 45 גרם,72991008,488,3.55,7.90,1527.70,510,3.55,0.00,15,
פרה קראנץ ביסקוויט,7290112331984,12,6.14,9.90,73.74,64,5.22,15.00,15,
פרו קראנצ' פצפוץ שוקולד חלב,7290119377480,45,4.75,9.20,212.65,48,4.75,0.00,15,
פררו- קינדר דליס עשיריה,8000500267035,108,1.83,3.90,165.24,0,1.83,0.00,15,
קינדר בואנו לבן,80761761,207,2.94,6.90,807.30,0,2.94,0.00,15,
קינדר קאונטרי,80177180,40,1.74,2.90,69.60,80,1.74,0.00,15,
קליק חטיף צקרם חלב 38 גרמ,7290116534442,43,4.80,7.90,206.40,0,4.80,0.00,15,
קראנץ שוקולד לבן ביסקוויט,7290105364784,2,6.14,9.90,12.28,48,5.22,15.00,15,
קרואסון 7Days במילוי קקאו ,7622202340499,39,3.11,5.90,121.29,240,3.11,0.00,15,
קרואסון HI SAM אגוזי לוז,6972024835606,21,1.85,3.90,38.85,72,1.85,0.00,15,
קרואסון HI SAM בטעם שוקולד,6972024835545,27,1.85,3.90,49.95,72,1.85,0.00,15,
רבע לשבע (ירוק)160 גרם,7290106520066,13,11.25,19.90,146.25,0,11.25,0.00,15,
תות דאבל מנטוס,4009900514996,30,6.20,11.90,186.00,48,6.20,0.00,15,
10 לחמניות אצבע ארוז ,7290013520067,43,12.55,19.90,539.65,0,12.55,0.00,59,
10 פיתה ביס כוסמין מלא ,7290018296615,26,12.50,19.90,325.00,0,12.50,0.00,59,
פיתה  ביס ,7290016475012,6,9.00,13.80,54.00,0,9.00,0.00,59,
פיתה עבודת יד (עשיריות ),7290010828692,33,9.00,13.90,297.00,0,9.00,0.00,59,
ליימן גת-בוטן אמריקאי 200 (24)גרם,7290003009329,2,4.70,5.90,8.64,0,4.32,8.00,10,
פרינגלס פילי סטייק גבינה** (14),038000276477,14,12.40,14.90,121.52,0,8.68,30.00,10,
טייסטרס צוייס 200 גרם,7290000072753,2,34.57,49.90,69.14,12,34.57,0.00,1,
טריקס דגני בוקר 480גר,7613030979647,4,11.90,24.90,47.60,0,11.90,0.00,1,
לבבות דקל חתוך 400ג,7290004219079,1,7.40,15.90,7.40,0,7.40,0.00,1,
לבבות דקל שלמים 400ג,7290003578061,3,9.20,17.90,27.60,0,9.20,0.00,1,
מלח הארץ 250 ג',7290000523125,1,4.57,7.90,4.57,0,4.57,0.00,1,
מלפפון מלח 10-12 A2 560ג ק.י,7290002057369,3,5.00,9.90,15.00,0,5.00,0.00,1,
ממרח זיתים ירוקים 190גרם,7290003438013,2,9.50,17.90,19.00,0,9.50,0.00,1,
סוכר לבן 1 ק״ג,7296073383666,11,3.20,4.90,35.20,0,3.20,0.00,1,
פוסידון נתחי טונה בהירה בשמן (צהובה),7290000450209,73,5.10,6.90,335.07,0,4.59,10.00,1,
פיטנס שקדים ודבש 355 גרם,7613037686906,1,16.73,29.90,16.73,0,16.73,0.00,1,
קורנפלקס חטיף שוגי,7290107646147,4,9.90,17.90,48.80,0,9.90,0.00,1,
קפסולות קפה 07,7290105360335,1,10.69,17.90,9.41,0,9.41,12.00,1,
רוטב לסלט וינגריט,7290112964458,1,9.68,13.90,9.68,0,9.68,0.00,1,
שקית קרח ,7290000430102,658,5.00,11.90,3290.00,900,5.00,0.00,1,
תירס גמדי ויליפוד 410 גר,7290003578177,2,5.70,8.80,11.40,0,5.70,0.00,1,
תרסיס שמן זית 150 מ״ל,7290002692782,1,11.50,19.90,11.50,0,11.50,0.00,1,
אייס צידנית קשיחה 24 ליטר,8055517373477,2,59.00,109.90,125.00,5,59.00,0.00,29,
מדליק פחמים ועץ לבן 200 גרם,7290018929940,3,3.50,6.50,10.50,0,3.50,0.00,29,
מיכל שסתום 230 גר',7290004634179,8,13.00,25.00,104.00,0,13.00,0.00,29,
פחם הלהבה ,7290014581036,16,9.50,17.90,152.00,0,9.50,0.00,29,
שרשרת סוכריות סודה 50 גרם בטעם פירות כשל'פ,7290120666344,4,4.20,7.90,16.80,0,4.20,0.00,17,
אקסטרים וניל,7290004872731,8,5.12,12.90,40.96,24,5.12,0.00,9999,
כוס קרח,1122125,983,1.31,3.00,1287.73,0,1.31,0.00,9999,
מגנום דואט,7290112499837,34,8.66,14.90,294.78,30,8.66,0.00,9999,
מי עדן 500 מ"ל,7290000688077,1284,1.83,4.90,2195.64,600,1.83,0.00,9999,
מנטוס בלון מיני,87108910,299,0.56,1.00,155.48,0,0.52,8.00,9999,
מק אנד צייז צייטוס חלבניום,15300014992,2,13.75,25.00,27.50,0,13.75,0.00,9999,
משקה חלב גו עוגיות 340 מ"ל,7290110329686,34,5.89,8.90,200.26,35,5.89,0.00,9999,
ס.ק נתחי טונה בשמן 120*4 גרם - בית יוסף,7290017617459,9,14.10,23.90,126.90,0,14.10,0.00,9999,
סחוט למונדה 500 מ""ל,7290005278020,15,7.50,11.90,102.30,12,6.82,9.00,9999,
סחוט תפוז גזר 500 מ"ל,7290005278440,13,7.50,11.90,88.66,12,6.82,9.00,9999,
ספרייט ליים 500 מ"ל,7290110110635,23,3.58,8.50,82.34,0,3.58,0.00,9999,
פריכיות 3 דגנים,7290112340122,3,8.90,14.90,26.70,0,8.90,0.00,9999,
צלחות ענקיות - לבן,7296073132974,5,10.50,19.90,52.50,0,10.50,0.00,9999,
קורנפלקס תלמה דבש 448 גרם,7290112495228,3,14.50,24.90,43.50,0,14.50,0.00,9999,
קרח דובדבן,7290004872359,37,1.85,4.00,68.45,48,1.85,0.00,9999,
קרח ענבים,7290106571792,10,1.85,4.00,18.50,48,1.85,0.00,9999,
שלגטו בננה,7290004872243,34,3.46,7.00,117.64,0,3.46,0.00,9999,
שקדי מרק במיכל 400 גרם,7290000068701,8,9.57,15.90,76.56,0,9.57,0.00,9999,
שקדי מרק קטן,7290000063133,11,3.87,5.90,33.22,0,3.02,22.00,9999,
תוסף דיזל,766041121769,6,55.00,100.00,330.00,0,55.00,0.00,9999,
אייס קפה 1 ליטר,7290003029907,10,8.86,15.20,88.60,12,8.86,0.00,16,
אייס קפה 350 מ,7290011438142,58,4.45,9.90,258.10,42,4.45,0.00,16,
אקטוויה תות,7290107937542,14,3.96,6.90,55.40,36,3.96,0.00,16,
גבינה 5% 250 מהדרין ,7290000048185,1,4.19,5.81,4.19,1,4.19,0.00,16,
גבינת עמק 9% 250 גרם ברצ,7290000047942,12,4.19,9.90,50.28,12,4.19,0.00,16,
דנונה פרו 20 גרם תות,7290110566975,15,4.40,6.50,65.55,24,4.40,0.00,16,
דנונה פרו 20 שכבות פירות,7290119380794,8,5.06,8.90,40.48,12,5.06,0.00,16,
דנונה פרו 20גר' יטבתה,7290110565527,28,4.40,6.50,122.00,12,4.40,0.00,16,
דנונה תות ובננה,7290105965738,31,3.86,6.90,119.66,36,3.86,0.00,16,
וצבר חומוס 400גרם,7290106576513,8,8.39,14.90,64.16,12,8.39,0.00,16,
חלב בקבוק 3% מועשר,7290107932080,106,6.53,10.60,691.28,192,6.53,0.00,16,
חלב טרי 3% קרטון 1 ליטר,7290004131074,255,5.36,7.35,1366.80,848,5.36,0.00,16,
טירמיסו,7290005431937,25,5.04,7.90,126.00,24,5.04,0.00,16,
יוגרט איירן ,7290010426263,13,3.39,5.90,41.86,15,3.39,0.00,16,
יוגרט דנונה פרו בטעם וניל,7290110573577,13,5.07,9.20,56.03,24,4.31,15.00,16,
יטבתה פרו ארוחה  דגנים בננה,7290112343420,80,5.24,8.90,414.00,30,5.24,0.00,16,
יטבתה פרו וניל,7290110568276,88,4.86,8.90,423.27,42,4.37,10.00,16,
יטבתה פרו קפה,7290107954976,146,4.86,8.90,692.90,162,4.37,10.00,16,
יטבתה פרו קפה 1-שטראוס,7290110577254,253,4.86,8.90,1209.49,198,4.37,10.00,16,
כוס איירן 170,7290010426355,27,2.12,3.90,50.22,20,2.12,0.00,16,
מילקה אקסטרה קספת,72940952,21,2.58,4.90,54.18,48,2.58,0.00,16,
מילקה שכבות טריות,7290119386079,23,2.45,4.90,56.35,48,2.45,0.00,16,
מילקי cake,7290106663121,105,2.11,3.90,221.55,48,2.11,0.00,16,
מילקשייק תותים בקצפת,7290119387076,19,5.09,9.90,96.71,30,5.09,0.00,16,
ממרח אבוקדו 200 גרם,7290119379934,10,11.89,19.90,118.90,8,11.89,0.00,16,
מעדן דנונה פרו וניל 20 גרם,7290112330352,11,4.40,6.50,48.40,48,4.40,0.00,16,
מעדן דנונה פרו פירות יער ,7290112330390,15,4.40,7.90,65.45,12,4.40,0.00,16,
מעדן יוגורט חלבון GO קפה אוורירי 20 גרם חלבון,7290116934020,39,4.39,7.90,171.21,32,4.39,0.00,16,
"משקה GO בטעם אייס קפה, 340 מ""ל ",7290110325893,59,5.89,8.90,347.51,50,5.89,0.00,16,
"משקה GO בטעם קפה ואגוזי לוז, 340 מ""ל ",7290116933191,30,5.89,8.90,176.70,35,5.89,0.00,16,
משקה יוגורט בטעם אפרסק,7290010426287,1,4.24,7.90,3.73,10,4.24,0.00,16,
משקה יוגורת GO מנגו אננס,7290110325121,25,4.84,7.90,121.00,42,4.84,0.00,16,
משקה קפה קר חזק,7290110564742,23,5.47,9.90,108.59,30,5.47,0.00,16,
משקה קפה קר קלאסי,7290110563431,73,5.47,9.90,348.47,60,5.47,0.00,16,
נמס ICE וניל ,7290110555344,42,5.34,9.90,186.06,0,4.54,15.00,16,
סטארבקס פרפוצינו קפה 250 מ""ל.,575711953160387,14,9.05,14.90,126.70,16,9.05,0.00,16,
סטארבקס פרפוצינו קרמל 250 מ""ל.,5711953160370,8,7.45,14.90,72.40,8,7.45,0.00,16,
סקי גבינה 5% 250 גרם ,7290002824640,13,4.18,5.87,54.29,24,4.18,0.00,16,
פונץ בטעם בננה 250 מ""ל,7290003029389,27,3.72,6.90,87.00,36,3.16,15.00,16,
פסטרמה מעושנת במעשנה,7296073727842,3,16.90,34.90,53.90,8,16.90,0.00,16,
פרימור לימונים ונענע 400 מ"ל,7290001045633,18,5.21,11.90,93.86,24,5.21,0.00,16,
פרימור תפוזים וגזר 1 ליטר,7290018925867,8,11.92,24.90,95.36,6,11.92,0.00,16,
קדאיף,5431906,37,5.04,7.90,186.48,42,5.04,0.00,16,
קוטג 5% 250 ו. מהדרין,7290004127329,40,4.60,5.90,184.00,42,4.60,0.00,16,
שוקו 1 ליטר,7290003029181,25,8.86,15.20,221.02,24,8.86,0.00,16,
שוקו פקק 250 מ"ל,7290003029433,136,3.72,6.90,440.96,108,3.72,0.00,16,
שוקו תנובה בקבוק 250מ""ל,7290004126872,84,4.45,6.50,373.80,111,4.45,0.00,16,
שכבושוקולמרירלבו YOLO,14761612,1,3.47,4.90,3.47,9,3.47,0.00,16,
שמנת 15% 200 מ"ל ,72963746,53,2.10,2.81,111.30,80,2.10,0.00,16,
שמנת חמוצה מועשרת 15%,7290000041858,34,2.20,2.84,74.48,20,2.20,0.00,16,
אולוויז מגן תחתון דואו לונג 52 יח",4015400564324,1,13.70,39.90,13.70,0,13.70,0.00,27,
דאודורנט פאוור בידס 75 מ״ל Power rush,4015600807573,2,14.27,23.90,28.54,0,14.27,0.00,27,
דאודרנת Axe אנרכי נשי,8717163647196,2,7.50,14.90,15.00,0,7.50,0.00,27,
דאודרנת Axe גוף אנרכי,8717163647202,10,8.00,14.90,80.00,0,8.00,0.00,27,
דאודרנת Axe כחול,8717163647264,9,8.00,14.90,72.00,0,8.00,0.00,27,
דאודרנת Axe ספריי אפולו ,8720181043093,10,8.90,14.90,89.00,0,8.90,0.00,27,
דאודרנת Axe שחור,8717163647226,11,8.00,14.90,88.00,0,8.00,0.00,27,
דורקס כחול,5038483574416,22,7.63,20.90,167.86,0,7.63,,27,
טישו ,191539,120,1.50,5.90,108.00,0,1.50,0.00,27,
מטלית משטח מיקרו,7290118351016,6,3.50,6.90,21.00,0,3.50,0.00,27,
מנקה אסלות 1 ליטר ,7290000412481,2,5.90,11.90,11.80,0,5.90,0.00,27,
ספרי מסיר כתמים קליה750מ,7290101864127,1,10.90,19.90,10.90,0,10.90,0.00,27,
כסא פיקניק ים,7906991867024,25,24.90,49.90,622.50,40,24.90,0.00,67,
4 יח' עיצי ריח בטעם מסטיק+פארטי+וניל,3800034979283,83,7.70,14.90,639.10,120,7.70,0.00,9,
ספרי 300 מ""ל בישום ניתוח,3800034979917,7,10.20,19.90,71.40,3,10.20,0.00,9,
שלישיות - DRY  מארז 3 יחידות AERON,3800034954150,96,6.30,11.90,604.80,130,6.30,0.00,9,
שקית פנינים,3800034967600,37,6.50,17.90,180.56,36,4.88,25.00,9,
ביצים חופשיות 12 יח,7290002710110,55,23.60,14.24,1298.00,48,23.60,0.00,51,
שווארמה,476,134,15.00,19.90,2010.00,0,15.00,,51,
אייס בראד ,7,443,3.18,10.00,1408.74,0,3.18,0.00,23,
אייס קפה ,10,557,3.18,10.00,1771.26,0,3.18,0.00,23,
אמריקנו גדול,9911119,5,1.85,12.00,9.25,0,1.85,0.00,23,
אספרסו,112233,1886,0.84,6.00,1584.24,0,0.84,0.00,23,
אספרסו כפול,112288,573,1.57,8.00,899.61,0,1.57,0.00,23,
בייגל טוסט,437,70,5.00,17.90,350.00,0,5.00,,23,
בייגל טוסט- עובדים,455,12,0.00,9.90,0.00,0,0.00,,23,
בייגל סלמון נורוויגי,430,47,10.00,34.90,470.00,0,10.00,,23,
דונאטס,360,57,2.90,5.90,165.30,0,2.90,,23,
זעתר ,403,319,5.94,10.00,1894.86,0,5.94,,23,
כוס נס קפה גדול,16,85,3.64,12.00,309.40,0,3.64,0.00,23,
כוס קפה שחור,14,94,1.52,8.00,142.88,0,1.52,0.00,23,
כוס תה,13,29,0.51,8.00,14.79,0,0.51,0.00,23,
כריך אבוקדו,441,23,0.00,23.90,0.00,0,0.00,,23,
כריך גאודה,428,120,5.00,23.90,600.00,0,5.00,,23,
כריך טונה,432,207,5.00,23.90,1035.00,0,5.00,,23,
כריך לבנה,426,152,5.00,18.90,760.00,0,5.00,,23,
כריך סלט ביצים,433,106,5.00,17.90,530.00,0,5.00,,23,
כריך פסטרמה,427,146,5.00,26.90,730.00,0,5.00,,23,
כריך רוסטביף,434,293,5.00,24.90,1465.00,0,5.00,,23,
כריך שמנת זיתים,429,98,5.00,23.90,490.00,0,5.00,,23,
מאנקיש ,55,140,2.50,10.00,350.00,0,2.50,0.00,23,
מאפה גדול,24,53,3.58,10.00,189.74,0,3.58,0.00,23,
מאפה קטן יח,23,6247,0.86,3.00,5372.42,0,0.86,0.00,23,
מקיאטו ,9911117,142,1.42,10.00,201.64,0,1.42,0.00,23,
משקה טבעי גזר ,62,72,0.00,12.00,20.00,0,0.00,,23,
משקה תפוז ,47,142,4.10,12.00,582.20,0,4.10,,23,
נס קפה קטן,9911116,98,2.29,10.00,224.42,0,2.29,0.00,23,
נקניקיות,440,295,0.00,17.90,0.00,0,0.00,,23,
סלט יווני ,42,14,12.00,28.90,168.00,0,12.00,0.00,23,
סמבוסה גדול במילוי גבינה,412,208,5.00,10.00,1040.00,0,5.00,,23,
ספיחה,398,61,5.93,10.00,231.27,0,5.93,,23,
פפיון ריקוטה ותות ,34547,11,7.50,16.00,82.50,15,7.50,0.00,23,
קפה קר,112266,101,2.65,14.00,267.65,0,2.65,0.00,23,
קפוצינו גדול,112255,286,3.60,14.00,1029.60,0,3.60,0.00,23,
קפוצינו רגיל ,112244,1109,1.95,10.00,2162.55,0,1.95,0.00,23,
קרואסון חמאה גדול,34500,19,4.80,14.00,91.20,0,4.80,,23,
קרואסון שוקולד גדול ,34501,51,5.50,14.00,280.50,75,5.50,0.00,23,
קרואסון שקדים גדול ,34502,17,6.30,14.00,107.10,15,6.30,0.00,23,
תרד,413,86,5.93,10.00,514.26,0,5.93,,23,
מילקה שוקולד חלב עם עדשים 90 גרם,7622202365829,9,5.30,9.90,47.70,24,5.30,0.00,37,
אורביט בקבוקן מנטה ,4009900403023,28,6.20,11.90,177.76,48,6.20,0.00,69,
אורביט ריפרשס טרופיקל בקבוקן,4009900540551,14,7.27,14.90,102.60,24,7.27,0.00,69,
בקבקון אורביט פירות,4009900482417,30,6.84,12.90,186.00,48,6.84,0.00,69,
מנטוס מסטיק מנטה חזקה,80982470,4,6.60,11.90,26.00,6,6.60,0.00,69,
מנטוס מסטיק סופרמנט,80773443,6,6.60,11.90,39.00,24,6.60,0.00,69,
מסטיק אורבייט בטעם מנטה ללא סוכר,4009900531122,9,6.84,12.90,55.80,24,6.84,0.00,69,
MONARCH מונסטר 500 מ""ל,5060947547100,26,5.28,12.90,137.28,0,5.28,0.00,6,
NM מי סודה 250 מ""ל,7290110113599,204,2.22,6.90,448.56,120,2.22,0.00,6,
NM סודה נענע גרידת לימון 250 מ""ל,7290110116422,4,2.14,6.90,8.81,24,2.14,0.00,6,
XL מנגו,7290000135052,93,2.38,6.90,221.34,0,2.38,0.00,6,
XL נענע ליים,7290000135113,116,2.48,6.90,287.68,0,2.48,0.00,6,
XL פירות אדומים 250 מ״ל 24 יח׳,7290000136592,31,2.38,6.90,73.78,0,2.38,0.00,6,
XL תפוח,7290000135045,118,2.38,6.90,280.84,0,2.38,0.00,6,
בלו אנרגיה אקזוטיק (ירוק בהיר ) 250 מ""ל,5904941751371,8,2.05,6.90,16.35,72,2.05,0.00,6,
בלו אנרגיה מוחיטו 250 מ"ל,5904941750312,780,1.88,6.90,1665.60,720,1.88,0.00,6,
בלו ענבים 250 מ"ל,5904941751975,107,2.05,6.90,215.75,120,2.05,0.00,6,
בקבוק נביעות 1.5 ליטר,7290110115777,769,2.04,7.90,1568.76,2016,2.04,0.00,6,
הל משקה אנרגיה קלאסי 250 מל,5999571055722,16,1.60,7.90,25.60,0,1.60,0.00,6,
מאלט בקבוק 330 מ""ל,7290001594544,6,3.86,6.90,23.16,120,3.86,0.00,6,
מאסטר קפה וניל 240 מ"ל,4710068002798,60,4.81,11.90,279.00,0,4.81,0.00,6,
מאסטר קפה קולומביה,4710068001739,61,4.65,11.90,283.65,0,4.65,0.00,6,
מונסטר Full Throttle Zero,5061013948364,37,4.75,12.90,189.53,24,4.75,0.00,6,
מונסטר Pipeline Punch,5060751218173,35,4.75,12.90,184.80,24,4.75,0.00,6,
מונסטר Ultra Fiesta Zero,5060896625249,32,4.75,12.90,168.96,24,4.75,0.00,6,
מונסטר Ultra Gold Zero,5061013942249,29,4.75,12.90,153.12,24,4.75,0.00,6,
מים 200 מ"ל ,7290017675374,475,0.35,1.00,166.25,0,0.35,0.00,6,
משקה אלוורה אפרסק 1 ליטר,8850389105849,10,9.50,14.90,90.70,24,9.50,0.00,6,
משקה אלוורה אפרסק 300 מ""ל,8850389104637,17,5.50,9.90,95.71,48,5.50,0.00,6,
משקה אלוורה מלון 300 מ""ל,8850389115312,12,5.50,9.90,67.56,48,5.50,0.00,6,
משקה אלוורה ענבים 1 ליטר,8850389105825,7,9.50,14.90,63.49,24,9.50,0.00,6,
משקה אלוורה ענבים 300 מ""ל,8850389103111,33,5.50,9.90,185.79,48,5.50,0.00,6,
משקה אלוורה תפוח 1 ליטר,8850389105832,7,9.50,14.90,63.49,24,9.50,0.00,6,
משקה אנרגיה 250 מ״ל XL,5906485301012,5489,2.48,6.90,13429.21,8448,2.48,0.00,6,
משקה אנרגיה All In פירות יער 330 מ"ל,7290019310440,10,2.70,6.90,27.00,0,2.70,0.00,6,
משקה אנרגיה XL אדום 250 מ"ל,5902198160403,635,2.48,6.90,1479.55,0,2.48,0.00,6,
משקה אנרגיה בלו אבטיח 250 מ"ל,5904941751524,151,1.88,6.90,303.79,120,1.88,0.00,6,
משקה אנרגיה בלו דיי 250 מ"ל,5904941751920,1069,1.88,6.90,2150.93,1200,1.88,0.00,6,
משקה אנרגיה בלו רגיל 250 מ"ל,5904941751302,512,1.88,6.90,1029.80,840,1.88,0.00,6,
משקה אנרגיה רד בול 250 מ"ל,8935112200005,39,4.20,8.90,163.80,120,4.20,0.00,6,
משקה אנרגיה רד בול אבטיח 250 מ"ל,90446269,262,3.52,8.90,1103.02,0,3.52,0.00,6,
משקה בטעם תפוז 100 מ"ל בתוספת ויטמין C,8859015703060,11,2.50,4.90,27.50,0,2.50,0.00,6,
משקה חלבון WIN בטעם וניל 50 גרם חלבון,7290015130769,12,10.00,17.90,120.00,16,10.00,0.00,6,
משקה חלבון WIN בטעם קפה לאטה 500 גרם,7290015130684,15,10.00,17.90,150.00,16,10.00,0.00,6,
משקה חלבון WIN בטעם שוקולד 500 גרם ,7290015130776,11,10.00,17.90,110.00,16,10.00,0.00,6,
משקה יוגורט פירות,7290010426270,6,4.24,7.90,22.38,20,4.24,0.00,6,
משקה לקטסי סויה קרטונית בטעם שוקו 250 מ"ל,8850267112136,19,2.70,4.90,51.30,36,2.70,0.00,6,
משקה סטארבקס בטעם ליים 400 מ"ל,8801037098563,24,7.00,11.90,168.00,24,7.00,0.00,6,
משקה קוקוס בטעם קפה 290 מ"ל,8859352504030,13,4.50,7.90,58.50,24,4.50,0.00,6,
משקה קוקוס עם חתיחות ג'ל 290 מ"ל,8859352504047,14,4.50,7.90,63.00,24,4.50,0.00,6,
נביעות + קוקוס אננס 500 מ"ל,7290110119003,56,3.71,7.90,212.36,24,3.71,0.00,6,
נביעות 500 טו גו,7290110115890,645,1.55,5.90,999.75,0,1.55,0.00,6,
נביעות 500 פ.שטוח פיקדון ,7290002331018,1961,1.53,5.90,3157.67,1392,1.53,0.00,6,
נביעות אבטיח 1.5 ליטר,7290110117375,12,5.37,10.90,65.28,12,5.37,0.00,6,
נביעות תפוח 1.5 ליטר,7290110114787,16,5.37,10.90,88.02,12,5.37,0.00,6,
סחוט נקטר מנגו 500 מ"ל,7290005278099,14,7.50,11.90,95.48,12,6.82,9.00,6,
סליק דוקטור פפר 355 מ"ל,7831504,9,4.00,7.90,36.00,12,4.00,0.00,6,
סליק ספרייט 330 LIME מ""ל,7290110110659,102,2.52,6.90,257.79,120,2.52,0.00,6,
סליק ספרייט זירו 330 מ״ל,7290013585233,103,2.52,6.90,260.97,24,2.52,0.00,6,
סליק פאנטה אורנג 330 מ"ל,7290011018443,184,2.55,6.90,466.62,120,2.55,0.00,6,
סליק פאנטה אורנג זירו 330 מ"ל,7290110118280,73,2.52,6.90,186.15,48,2.52,0.00,6,
סליק פאנטה אקזוטיק 330 מ"ל,7290011018467,53,2.55,6.90,135.84,96,2.55,0.00,6,
סליק פאנטה ענבים 330 מ"ל,7290001594117,41,2.52,6.90,103.65,96,2.52,0.00,6,
סליק פאנטה צמח קיסוסית 320 מ"ל,8935049501589,5,3.20,6.90,16.00,24,3.20,0.00,6,
סליק פאנטה תות 330 מ"ל,7290110110024,34,2.52,6.90,86.34,96,2.52,0.00,6,
סליק קוקה קולה 330 מ"ל ,7290011017866,991,2.55,6.90,2527.05,1008,2.55,0.00,6,
סליק קוקה קולה ZERO 330 מ"ל,7290011017873,864,2.55,6.90,2203.20,840,2.55,0.00,6,
עין גדי 2 ליטר,7290019056942,349,1.76,5.90,614.24,960,1.76,0.00,6,
פאוורייד סיטרוס הדרים ליים 500 מ"ל ,7290110111564,17,5.49,12.90,93.33,24,5.49,0.00,6,
פאורייד מאונטן בלאס בטעם פירות 500 מ"ל ,7290110111557,20,5.49,11.90,109.80,36,5.49,0.00,6,
פאנטה אורנג' 500,7290001594179,19,3.58,8.90,68.02,48,3.58,0.00,6,
פאנטה אורנג ZERO 500 מ"ל,7290110113926,36,3.58,8.90,128.88,0,3.58,0.00,6,
פאנטה אננס 350 מ"ל,049000014273,10,4.00,7.90,40.00,12,4.00,0.00,6,
פאנטה אקזוטי 500 מ"ל ,7290005605895,43,3.58,7.90,153.94,48,3.58,0.00,6,
פאנטה זירו אורנג 1.5 ליטר,7290110115302,9,6.01,12.90,54.09,12,6.01,0.00,6,
פיוזטי אבטיח 500 מ"ל ,7290110118631,59,3.69,7.90,230.82,48,3.69,0.00,6,
פיוזטי אפרסק זירו 1.5 ליטר,7290110115623,4,6.38,12.90,25.52,0,6.38,0.00,6,
פיוזטי בטעם אפרסק 0.5 ליטר ,7290011018184,331,3.69,7.90,1301.92,264,3.69,0.00,6,
פיוזטי בטעם מנגו אננס  0.5 ליטר ,7290011018214,94,3.69,7.90,372.44,48,3.69,0.00,6,
פרגית סיידר תפוחים 330 מ"ל ,7290006364500,70,3.49,7.90,239.32,48,3.49,0.00,6,
פריגת אשכוליות 330 מ"ל ,7290001594254,42,2.75,7.90,112.56,0,2.75,0.00,6,
פריגת אשכוליות 500 מ"ל,7290001594384,47,3.17,7.90,147.78,48,3.17,0.00,6,
פריגת אשכליות 1.5 ליטר ,7290110114985,9,5.65,11.90,51.29,12,5.65,0.00,6,
פריגת בטעם טרופי 1.5 ליטר,7290110118617,10,5.87,11.90,58.70,12,5.87,0.00,6,
פריגת לימונענע 330 מ"ל ,7290013584823,33,2.75,7.90,88.44,0,2.75,0.00,6,
פריגת מנגו 330 מ"ל,7290110114039,64,2.86,7.90,179.98,24,2.86,0.00,6,
פריגת ענבים 330 מ"ל ,7290001594278,82,2.75,7.90,221.74,48,2.75,0.00,6,
פריגת ענבים 500 מ"ל,7290001594391,135,3.06,7.90,425.09,120,3.06,0.00,6,
פריגת ענבים מרלו 1.5 ליתר,7290110115012,21,5.65,11.90,118.46,12,5.65,0.00,6,
פריגת תות בננה 330 מ"ל ,7290013585639,102,2.86,7.90,284.52,72,2.86,0.00,6,
פריגת תפוז 1.50 ליטר,7290110114961,22,5.65,11.90,124.70,12,5.65,0.00,6,
פריגת תפוזים 500 מ"ל,7290001594377,47,3.06,7.90,147.47,24,3.06,0.00,6,
פרלל מיני פאנטה פחית 150 מ"ל,54492578,41,1.09,1.90,44.69,0,1.09,,6,
קוקה קולה 1 ליטר,7290013585394,40,4.98,9.90,199.20,24,4.98,0.00,6,
קוקה קולה 1.5 ליטר,7290110115203,139,6.25,12.90,868.75,120,6.25,0.00,6,
קוקה קולה 500 מ"ל ,7290001594155,132,3.58,8.90,472.56,168,3.58,0.00,6,
קוקה קולה ZERO 500 מ"ל,7290008909853,102,3.58,8.90,365.16,144,3.58,0.00,6,
קוקה קולה ZERO ליטר 1.5 ,7290110115227,116,6.25,12.90,725.00,132,6.25,0.00,6,
קוקה קולה ZERO קלאסי 350 מ"ל,7290008909884,97,3.58,8.90,347.26,72,3.58,0.00,6,
קוקה קולה קלאסי 350 מ"ל,7290001594025,104,3.58,8.90,372.32,96,3.58,0.00,6,
קרלסברג 330 מ"ל,7290110110352,7,3.97,6.90,27.79,48,3.97,0.00,6,
קרקר הומי בטעם אצות נורי 100 גרם,8850987358982,1,10.00,17.90,10.00,14,10.00,0.00,6,
רד בול אנרגיה 250 מ""ל,90162602,1412,3.52,8.90,4984.36,2040,3.52,0.00,6,
רד בול אנרגיה בטעם פומלה 250 גרם,8850228008003,46,3.53,8.90,162.38,120,3.53,0.00,6,
שוויפס אבטיח עדין 1.5 ליתר,7290119776948,6,6.00,11.90,36.00,12,6.00,0.00,6,
שוויפס ליים זירו 1.5 ליתר,7290119770731,6,5.05,11.90,30.30,12,5.05,0.00,6,
שוויפס לימונדה ורודה 330 מ"ל,7290119778041,49,3.24,6.90,158.27,0,3.24,0.00,6,
שוויפס סודה 500 מ"ל,7290016006025,43,1.82,7.90,78.26,0,1.82,0.00,6,
שוויפס סודה זכוכית 250 מ"ל,7290008757034,158,2.07,4.90,353.58,240,2.07,0.00,6,
שוויפס ענבים מוגז פירות 500 מ"ל,7290016006148,23,3.64,9.90,84.00,24,3.64,0.00,6,
שוויפס תפוזים מוגז 1.5 ליתר,7290119776290,7,5.83,11.90,40.81,0,5.83,0.00,6,
שוויפס תפוחים מוגז 1.5 ליתר,7290018471913,6,6.00,11.90,36.00,0,6.00,0.00,6,
שוופס ס.לימון מ.חזק 0.5,7290018471036,24,2.21,7.90,53.04,0,2.21,0.00,6,
שופס סודה 1 ליטר,7290017888729,39,2.85,9.90,101.01,30,2.85,0.00,6,
שישייה מי עדן 1.50,7290019056973,62,10.47,17.90,649.14,0,10.47,,6,
שישיית נביעות 1.5 ליטר,7290110114855,139,12.01,17.90,1669.39,0,12.01,0.00,6,
שישיית עין גדי,7290019056553,121,9.08,14.90,1098.68,0,9.08,0.00,6,
רימונים  250 מ"ל ,7290018954362,103,8.90,13.90,714.82,120,6.94,22.00,46,
תפוח דובדובן 250 מ"ל ,7290005278457,53,8.90,13.90,367.82,72,6.94,22.00,46,
ראמן קוריאני בטעם אורגינל,648436100620,5,6.00,11.90,30.00,18,6.00,0.00,66,
זריפה גרעיני חמניה 400 גרם,608614323746,37,12.80,21.90,491.14,0,12.80,0.00,14,
מבצע אגוז פקאן,9901223,5,10.99,15.90,54.95,0,10.99,0.00,14,
מומתאזה 400 גרם,7290003332373,18,18.63,31.90,335.34,0,18.63,0.00,14,
פיסטוק חלבי 100ג,7290003332205,16,7.19,10.90,115.04,20,7.19,0.00,14,
קלובאת ברביקיו ,7290018234976,11,17.94,29.90,197.34,0,17.94,0.00,14,
קלובאת מומלח,7290018234969,10,17.94,29.90,179.40,0,17.94,0.00,14,
קפסולות אלהיל ,7290018774762,5,10.22,17.90,51.10,0,10.22,0.00,14,
שחורים 200גרם,7290003332182,186,4.81,8.90,894.66,100,4.81,0.00,14,
תערובת אקסטרא 400 גרם,7290003332168,27,23.69,39.90,639.63,0,23.69,0.00,14,
בטטה ,1090101,1.235,8.50,10.90,10.50,0.000,8.50,0.00,55,
מלפפון מיני,7290016809008,25,6.00,9.90,150.00,46,6.00,0.00,55,
נענע שקית,792649539989,5,2.00,4.90,10.00,11,2.00,0.00,55,
קווי יבוא ,2480401,15.710,17.00,39.90,267.07,0.000,17.00,0.00,55,
שטיפה חיצונית (ללא ניגוב ) מעל 150 ש`ח,107,328,5.00,15.00,1640.00,0,5.00,0.00,2,
שטיפה חיצונית לרכב,120,527,15.00,40.00,7905.00,0,15.00,0.00,2,
שטיפה פנמית ,119,60,15.00,50.00,900.00,0,15.00,0.00,2,
שטיפה רכב פרטי,104,611,30.00,80.00,18330.00,0,30.00,0.00,2,
תוספת ניגוב,103,288,2.50,5.00,720.00,0,2.50,0.00,2,
כוס קפה בחינם משאית ,11,63,2.28,0.01,143.64,0,2.28,0.00,33,
גלון אוריה 50 ל,7290003658718,43,23.50,65.00,1010.50,0,23.50,0.00,7,
נוזל קירור לרדיאטור ירוק - 4ליטר,7290001497500,23,26.50,49.90,609.50,12,26.50,0.00,7,
שמן 5 ליטר 0W20,7290011785895,3,95.00,149.90,285.00,4,95.00,0.00,7,
שמן מנוע 4 ליטר 5W40,7290011785758,3,63.01,149.90,189.03,8,63.01,0.00,7,
שמן מנוע 5w 30 בגלון 4 ליטר,7290011785260,32,68.01,149.90,2176.32,20,68.01,0.00,7,
Men Bag 2,7805458642122,2,35.00,89.90,70.00,1,35.00,0.00,12,
