url,status,content_type,response_size,matched_keys,candidate_score
https://restaurant-api.wolt.com/v2/config,200,application/json,48790,name|item|menu|price|category,5
https://restaurant-api.wolt.com/v2/config?lat=31.771914195076675&lon=35.20696303876315,200,application/json,49422,name|item|menu|price|category,5
https://restaurant-api.wolt.com/v2/config,200,application/json,48778,name|item|menu|price|category,5
https://restaurant-api.wolt.com/v2/config?lat=31.771914195076675&lon=35.20696303876315,200,application/json,49410,name|item|menu|price|category,5
https://consumer-api.wolt.com/v1/pages/front?lat=31.771914195076675&lon=35.20696303876315,200,application/json,789451,name|item|price|product|category,5
https://restaurant-api.wolt.com/v2/config,200,application/json,48769,name|item|menu|price|category,5
https://restaurant-api.wolt.com/v2/config?lat=31.771914195076675&lon=35.20696303876315,200,application/json,49401,name|item|menu|price|category,5
https://consumer-api.wolt.com/order-xp/web/v1/venue/slug/super-alonit-kibbutz-einat/dynamic/?selected_delivery_method=homedelivery,200,application/json,53699,item|menu|product|price,4
https://consumer-api.wolt.com/v1/pages/brand/super-alonit?lon=34.886085765343694&lat=32.08889061990374,200,application/json,2941,name|item|price|product,4
https://wolt.com/v1/country_list?languageCode=en,200,application/json; charset=utf-8,17768,name,2
https://consumer-api.wolt.com/consumer-api/consents-router/v1/consent-enrollments-config,200,application/json,3450,product|name,2
https://restaurant-api.wolt.com/v1/consumer-api/address-fields?language=en&lat=31.771914195076675&lon=35.20696303876315,200,application/json,112593,item|name,2
https://newassets.hcaptcha.com/captcha/v1/e7d4188bff735fa67caffa64923b234616a10414/static/i18n/he.json,200,application/json,16917,item|menu,2
https://wolt.com/v1/country_list?languageCode=en,200,application/json; charset=utf-8,17768,name,2
https://consumer-api.wolt.com/consumer-api/consents-router/v1/consent-enrollments-config,200,application/json,3450,product|name,2
https://restaurant-api.wolt.com/v1/consumer-api/address-fields?language=en&lat=31.771914195076675&lon=35.20696303876315,200,application/json,112593,item|name,2
https://newassets.hcaptcha.com/captcha/v1/e7d4188bff735fa67caffa64923b234616a10414/static/i18n/he.json,200,application/json,16917,item|menu,2
https://wolt.com/v1/country_list?languageCode=en,200,application/json; charset=utf-8,17768,name,2
https://consumer-api.wolt.com/consumer-api/consents-router/v1/consent-enrollments-config,200,application/json,3450,product|name,2
https://newassets.hcaptcha.com/captcha/v1/e7d4188bff735fa67caffa64923b234616a10414/static/i18n/he.json,200,application/json,16917,item|menu,2
https://restaurant-api.wolt.com/v1/consumer-api/address-fields?language=en&lat=31.771914195076675&lon=35.20696303876315,200,application/json,112593,item|name,2
https://restaurant-api.wolt.com/v1/cities/5e7b3395fd61a6655599258e/districts,200,application/json,113,name,1
https://restaurant-api.wolt.com/v1/cities,200,application/json,265457,name,1
https://restaurant-api.wolt.com/v1/cities,200,application/json,265457,name,1
https://restaurant-api.wolt.com/v1/cities,200,application/json,265457,name,1
https://wolt.com/regatta/v1/consumer_client/assignments,200,application/json; charset=utf-8,15,,0
https://wolt.com/v1/geo_ip_approximate,200,application/json; charset=utf-8,29,,0
https://consumer-api.wolt.com/order-xp/web/v1/pages/venue/pricing-estimates,200,application/json,428,,0
https://live.ravelin.click/z?key=publishable_key_live_dNOCjHtDxSNQP2BDZcJQxXnD6daGwLAk,204,,0,,0
https://consumer-static-assets.wolt.com/lottie/wolt_logo_animation_themeable.json,200,application/json,125912,,0
https://consumer-api.wolt.com/order-xp/web/v1/pages/venue/pricing-estimates,200,application/json,462,,0
https://consumer-static-assets.wolt.com/lottie/wolt_logo_animation_themeable.json,200,application/json,125912,,0
https://wolt.com/gtag-gw/gs/ccm/collect?rcb=18&frm=0&ae=g&en=page_view&dl=https%3A%2F%2Fwolt.com%2Fen%2Fisr%2Fpetah-tikva%2Fvenue%2Fsuper-alonit-kibbutz-einat&scrsrc=wolt.com&rnd=1983201805.1779712024&navt=n&npa=1&ep.ads_data_redaction=1&gdid=dODdlYz&_tu=CA&gtm=45E92e65k1v810254873za204zd810254873xea&gcs=G100&gcd=13p3p3p3p5l1&dma_cps=-&dma=0&tag_exp=0~115938466~115938469~118228215&apve=1&apvf=f&gap.gtb=1&apvc=1&tft=1779712024378&tfd=3288,200,text/plain,0,,0
https://consumer-static-assets.wolt.com/lottie/emoji/smiley_web_happy.json,200,application/json,18873,,0
https://consumer-api.wolt.com/regatta/consumer_client/exposures,204,,0,,0
https://consumer-api.wolt.com/regatta/consumer_client/exposures,204,,0,,0
https://consumer-api.wolt.com/regatta/consumer_client/exposures,204,,0,,0
https://consumer-api.wolt.com/regatta/consumer_client/exposures,204,,0,,0
https://wolt.com/gtag-gw/ga/g/c?v=2&tid=G-CP7Z2F7NFM&gtm=45g92e65k1v872181996z8810254873za20kzb810254873zd810254873&_p=1779712023361&gcs=G100&gcd=13p3p3p3p5l1&npa=1&dma_cps=-&dma=0&_eu=AAAAAGAC&_uip=%3A%3A&are=1&cid=1857628770.1779712025&fp=1&frm=0&pscdl=denied&rcb=8&sr=1280x720&uaa=x86&uab=64&uafvl=Chromium%3B148.0.7778.96%7CHeadlessChrome%3B148.0.7778.96%7CNot%252FA)Brand%3B99.0.0.0&uam=&uamb=0&uap=Windows&uapv=10.0&uaw=0&ul=he-il&ur=IL-JM&_gsid=P8RpX8uC9Sg8wvRkSequnZlSBSr-D_LxFw&gaf=2&_s=1&tag_exp=0~115616985~115938466~115938469~118694324&sid=1779712025&sct=1&seg=0&dl=https%3A%2F%2Fwolt.com%2Fen%2Fisr%2Fpetah-tikva%2Fvenue%2Fsuper-alonit-kibbutz-einat&dt=Super%20Alonit%20%7C%20Kibbutz%20Einat%20%7C%20Wolt%20%7C%20Delivery%20%7C%20Petah%20Tikva%20-%20Bik%E2%80%99at%20Ono&_tu=CA&en=LCP&_fv=1&_nsi=1&_ss=1&gap.gtb=2&ep.web_vitals_measurement_name=LCP&ep.web_vitals_measurement_id=v5-1779712022569-9379213453560&epn.web_vitals_measurement_value=936&epn.value=152&ep.web_vitals_measurement_rating=good&tfd=4355,204,,0,,0
https://api.avo.app/inspector/v1/track,200,application/json; charset=utf-8,33,,0
https://restaurant-api.wolt.com/v2/config/consents,200,application/json,73450,,0
https://c.riskified.com/v2/client_infos,201,,0,,0
https://wolt.com/regatta/v1/consumer_client/assignments,200,application/json; charset=utf-8,15,,0
https://wolt.com/v1/geo_ip_approximate,200,application/json; charset=utf-8,29,,0
https://consumer-static-assets.wolt.com/lottie/wolt_logo_animation_themeable.json,200,application/json,125912,,0
https://consumer-api.wolt.com/regatta/consumer_client/exposures,204,,0,,0
https://wolt.com/gtag-gw/gs/ccm/collect?rcb=3&frm=0&ae=g&en=page_view&dl=https%3A%2F%2Fwolt.com%2Fen%2Fdiscovery&scrsrc=wolt.com&rnd=1507193156.1779712029&navt=n&npa=1&ep.ads_data_redaction=1&gdid=dODdlYz&_tu=CA&gtm=45E92e65k1v810254873za204zd810254873xea&gcs=G100&gcd=13p3p3p3p5l1&dma_cps=-&dma=0&tag_exp=0~115938466~115938468&apve=1&apvf=f&gap.gtb=1&apvc=1&tft=1779712028950&tfd=1235,200,text/plain,0,,0
https://wolt.com/gtag-gw/ga/g/c?v=2&tid=G-CP7Z2F7NFM&gtm=45g92e65k1v872181996z8810254873za20kzb810254873zd810254873&_p=1779712028570&gcs=G100&gcd=13p3p3p3p5l1&npa=1&dma_cps=-&dma=0&_eu=AAAAAGAC&_uip=%3A%3A&are=1&cid=355463104.1779712029&fp=1&frm=0&pscdl=denied&rcb=11&sr=1280x720&uaa=x86&uab=64&uafvl=Chromium%3B148.0.7778.96%7CHeadlessChrome%3B148.0.7778.96%7CNot%252FA)Brand%3B99.0.0.0&uam=&uamb=0&uap=Windows&uapv=10.0&uaw=0&ul=he-il&ur=IL-JM&_gsid=WAP437Ag0DfZqELlA0tqFvxajVjshvp1Dg&gaf=2&_s=1&tag_exp=0~115938466~115938469&sid=1779712029&sct=1&seg=0&dl=https%3A%2F%2Fwolt.com%2Fen%2Fdiscovery&dt=Discover%20our%20Restaurants%2C%20Supermarkets%20%26%20Shops%20%7C%20Wolt&_tu=CA&en=CLS&_fv=1&_nsi=1&_ss=1&gap.gtb=1&ep.web_vitals_measurement_name=CLS&ep.web_vitals_measurement_id=v5-1779712028299-2504989132803&epn.web_vitals_measurement_value=0&epn.value=0&ep.web_vitals_measurement_rating=good&tfd=1336,204,,0,,0
https://restaurant-api.wolt.com/v2/config/consents,200,application/json,73450,,0
https://wolt.com/gtag-gw/ga/g/c?v=2&tid=G-CP7Z2F7NFM&gtm=45g92e65k1v872181996z8810254873za20kzb810254873zd810254873&_p=1779712028570&gcs=G100&gcd=13p3p3p3p5l1&npa=1&dma_cps=-&dma=0&gdid=dODdlYz&_eu=AAAAAGAC&_uip=%3A%3A&are=1&cid=355463104.1779712029&fp=1&frm=0&pscdl=denied&rcb=11&sr=1280x720&uaa=x86&uab=64&uafvl=Chromium%3B148.0.7778.96%7CHeadlessChrome%3B148.0.7778.96%7CNot%252FA)Brand%3B99.0.0.0&uam=&uamb=0&uap=Windows&uapv=10.0&uaw=0&ul=he-il&ur=IL-JM&_gsid=WAP437Ag0DfZqELlA0tqFvxajVjshvp1Dg&gaf=2&tag_exp=0~115938466~115938469&sid=1779712029&sct=1&seg=0&dl=https%3A%2F%2Fwolt.com%2Fen%2Fdiscovery&dt=Discover%20our%20Restaurants%2C%20Supermarkets%20%26%20Shops%20%7C%20Wolt&_tu=CA&_s=2&tfd=6565,204,,0,,0
https://wolt.com/gtag-gw/ga/g/c?v=2&tid=G-CP7Z2F7NFM&gtm=45g92e65k1v872181996z8810254873za20kzb810254873zd810254873&_p=1779712028570&gcs=G100&gcd=13p3p3p3p5l1&npa=1&dma_cps=-&dma=0&gdid=dODdlYz&_eu=AAAAAGAC&_uip=%3A%3A&are=1&cid=355463104.1779712029&fp=1&frm=0&pscdl=denied&rcb=11&sr=1280x720&uaa=x86&uab=64&uafvl=Chromium%3B148.0.7778.96%7CHeadlessChrome%3B148.0.7778.96%7CNot%252FA)Brand%3B99.0.0.0&uam=&uamb=0&uap=Windows&uapv=10.0&uaw=0&ul=he-il&ur=IL-JM&_gsid=WAP437Ag0DfZqELlA0tqFvxajVjshvp1Dg&gaf=2&_s=3&tag_exp=0~115938466~115938469&sid=1779712029&sct=1&seg=0&dl=https%3A%2F%2Fwolt.com%2Fen%2Fdiscovery&dt=Discover%20our%20Restaurants%2C%20Supermarkets%20%26%20Shops%20%7C%20Wolt&_tu=CA&en=LCP&gap.gtb=2&ep.web_vitals_measurement_name=LCP&ep.web_vitals_measurement_id=v5-1779712028297-2901695699146&epn.web_vitals_measurement_value=5984&epn.value=4480&ep.web_vitals_measurement_rating=poor&_et=4956&tfd=11575,204,,0,,0
https://consumer-static-assets.wolt.com/lottie/wolt_logo_animation_themeable.json,200,application/json,125912,,0
https://wolt.com/v1/geo_ip_approximate,200,application/json; charset=utf-8,29,,0
https://wolt.com/regatta/v1/consumer_client/assignments,200,application/json; charset=utf-8,15,,0
https://wolt.com/gtag-gw/gs/ccm/collect?rcb=3&frm=0&ae=g&en=page_view&dl=https%3A%2F%2Fwolt.com%2Fen%2Fisr%2Fpetah-tikva%2Fbrand%2Fsuper-alonit&scrsrc=wolt.com&rnd=1228550777.1779712040&navt=n&npa=1&ep.ads_data_redaction=1&gdid=dODdlYz&_tu=CA&gtm=45E92e65k1v810254873za204zd810254873xea&gcs=G100&gcd=13p3p3p3p5l1&dma_cps=-&dma=0&tag_exp=0~115616986~115938465~115938468&apve=1&apvf=f&gap.gtb=1&apvc=1&tft=1779712040178&tfd=952,200,text/plain,0,,0
https://wolt.com/gtag-gw/ga/g/c?v=2&tid=G-CP7Z2F7NFM&gtm=45g92e65k1v872181996z8810254873za20kzb810254873zd810254873&_p=1779712040032&gcs=G100&gcd=13p3p3p3p5l1&npa=1&dma_cps=-&dma=0&_eu=AAAAAGAC&_uip=%3A%3A&are=1&cid=193539719.1779712040&fp=1&frm=0&pscdl=denied&rcb=8&sr=1280x720&uaa=x86&uab=64&uafvl=Chromium%3B148.0.7778.96%7CHeadlessChrome%3B148.0.7778.96%7CNot%252FA)Brand%3B99.0.0.0&uam=&uamb=0&uap=Windows&uapv=10.0&uaw=0&ul=he-il&ur=IL-JM&_gsid=FR-t6Z-PofX64zmnoJA8TLspBEdVWaczQQ&gaf=2&_s=1&tag_exp=0~115938465~115938469~118128923&sid=1779712040&sct=1&seg=0&dl=https%3A%2F%2Fwolt.com%2Fen%2Fisr%2Fpetah-tikva%2Fbrand%2Fsuper-alonit&dt=super%20alonit%20-%20Petah%20Tikva%20%7C%20Petah%20Tikva%20-%20Bik%E2%80%99at%20Ono%20%7C%20Order%20online%20%7C%20Wolt%20%7C%20Delivery&_tu=CA&en=LCP&_fv=1&_nsi=1&_ss=1&gap.gtb=1&ep.web_vitals_measurement_name=LCP&ep.web_vitals_measurement_id=v5-1779712039828-7187460524167&epn.web_vitals_measurement_value=488&epn.value=32&ep.web_vitals_measurement_rating=good&tfd=1001,204,,0,,0
https://consumer-api.wolt.com/regatta/consumer_client/exposures,204,,0,,0
https://restaurant-api.wolt.com/v2/config/consents,200,application/json,73450,,0
